<?xml version="1.0" encoding="UTF-8"?>
<project-private xmlns="http://www.netbeans.org/ns/project-private/1">
    <editor-bookmarks xmlns="http://www.netbeans.org/ns/editor-bookmarks/2" lastBookmarkId="0"/>
    <open-files xmlns="http://www.netbeans.org/ns/projectui-open-files/2">
        <group>
            <file>file:/C:/Users/admin/Documents/NetBeansProjects/MinorProject/src/java/db/DBConnector.java</file>
            <file>file:/C:/Users/admin/Documents/NetBeansProjects/MinorProject/web/styles.css</file>
            <file>file:/C:/Users/admin/Documents/NetBeansProjects/MinorProject/src/java/model/LoginAuthenticator.java</file>
            <file>file:/C:/Users/admin/Documents/NetBeansProjects/MinorProject/src/java/dto/SignupDTO.java</file>
            <file>file:/C:/Users/admin/Documents/NetBeansProjects/MinorProject/web/home.jsp</file>
            <file>file:/C:/Users/admin/Documents/NetBeansProjects/MinorProject/web/login.html</file>
            <file>file:/C:/Users/admin/Documents/NetBeansProjects/MinorProject/src/java/dto/UserDTO.java</file>
            <file>file:/C:/Users/admin/Documents/NetBeansProjects/MinorProject/web/index.jsp</file>
            <file>file:/C:/Users/admin/Documents/NetBeansProjects/MinorProject/src/java/dao/SignupDAO.java</file>
            <file>file:/C:/Users/admin/Documents/NetBeansProjects/MinorProject/web/Logout.jsp</file>
            <file>file:/C:/Users/admin/Documents/NetBeansProjects/MinorProject/src/java/controller/Signup.java</file>
            <file>file:/C:/Users/admin/Documents/NetBeansProjects/MinorProject/src/java/controller/LoginChecker.java</file>
            <file>file:/C:/Users/admin/Documents/NetBeansProjects/MinorProject/web/thanks.html</file>
        </group>
    </open-files>
</project-private>
